{"_id":"64772ca5472cea51fad8d85c","UserID":236492,"IsDeleted":false,"Props":{"elements":{"s1":{"type":"Strip","props":{"styleRef":"s1"},"children":["e3"],"parent":null},"e3":{"type":"Typography","props":{"lg":{"text":"Title","variant":"title","gridArea":"Col1","position":{"left":442.5,"top":88,"disableInherit":true},"isHidden":false},"styleRef":"e3"},"children":[],"parent":"s1"}},"Grid":["s1"],"styles":{"s1":{"type":"Strip","lg":{"columns":1,"rows":1,"areas":[["Col1"]],"root":{"minHeight":"600","minHeightUnit":"px"},"ft__Col1":{"backgroundColor":"#ff6884ff"}}},"e3":{"lg":{"root":{"width":"270","height":"auto","widthUnit":"px","heightUnit":"px"}},"type":"Typography"}},"params":[],"isSurveyForm":false},"IsDisabled":false,"isPublic":true,"URL":"ft89c9a40522e64aae9aabe80cea819997","Description":"","Version":0,"ProjectID":"64772ca5472cea51fad8d85a","isCachedCDN":"true","__v":0,"CreatedAt":"2023-05-31T11:16:53.641Z","PublishProps":{"elements":{"s1":{"type":"Strip","props":{"styleRef":"s1"},"children":["e3"],"parent":null},"e3":{"type":"Typography","props":{"lg":{"text":"Title","variant":"title","gridArea":"Col1","position":{"left":442.5,"top":88,"disableInherit":true},"isHidden":false},"styleRef":"e3"},"children":[],"parent":"s1"}},"Grid":["s1"],"styles":{"s1":{"type":"Strip","lg":{"columns":1,"rows":1,"areas":[["Col1"]],"root":{"minHeight":"600","minHeightUnit":"px"},"ft__Col1":{"backgroundColor":"rgba(104,190,255, 1)"}}},"e3":{"lg":{"root":{"width":"270","height":"auto","widthUnit":"px","heightUnit":"px"}},"type":"Typography"}},"params":[],"isSurveyForm":false}}